<?xml version="1.0" encoding="utf-8"?>
<modification>
    <name>Wasa Kredit - Widget for monthly cost</name>
    <version>1.1</version>
    <author>David Villa</author>
    <link>https://wasakredit.se/</link>
    <code>wasa_widget_monthly_cost</code>
    <description>Show monthly cost on product page</description>
    <file path="catalog/controller/product/product.php">
        <operation>
            <search><![CDATA[if ($product_info) {]]></search>
            <add position="before"><![CDATA[
                // Modification for Wasa kredit Monthly Cost Widget
                $this->load->model('extension/module/wasa_widget');
                $data['wasa_widget'] = $this->model_extension_module_wasa_widget->getWidget($product_info);
            ]]></add>
        </operation>
    </file>
    <file path="catalog/view/theme/*/template/product/product.twig">
        <operation>
            <search><![CDATA[<label class="control-label" for="input-quantity">{{ entry_qty }}</label>]]></search>
            <add position="before" offset="1"><![CDATA[
                {% if wasa_widget %}
                    {{ wasa_widget }}
                {% endif %}
            ]]></add>
        </operation>
        <operation>
            <search><![CDATA[{# wasa-monthly-cost-widget #}]]></search>
            <add position="replace"><![CDATA[
                {% if wasa_widget %}
                    {{ wasa_widget }}
                {% endif %}
            ]]></add>
        </operation>
    </file>
</modification>
